{
    "Camera": {
        "Transform": {
            "rotate": [
                0.0,
                0.0,
                0.0
            ],
            "scale": [
                1.0,
                1.0,
                1.0
            ],
            "translate": [
                0.0,
                0.0,
                -17.549999237060547
            ]
        },
        "Viewport": {
            "farZ": 1000.0,
            "fovY": 0.44999998807907104
        }
    }
}
