{
    "DebugCamera": {
        "Transform": {
            "rotate": [
                0.0,
                0.0,
                0.0
            ],
            "scale": [
                1.0,
                1.0,
                1.0
            ],
            "translate": [
                -2.2664754390716553,
                0.2526223659515381,
                -27.1875
            ]
        },
        "Viewport": {
            "farZ": 1000.0,
            "fovY": 0.44999998807907104
        }
    }
}
