{
    "Object3d": {
        "ICO0": {
            "Transform": {
                "rotate": [
                    0.0,
                    0.0,
                    0.0
                ],
                "scale": [
                    1.0,
                    1.0,
                    1.0
                ],
                "translate": [
                    0.0,
                    0.0,
                    0.0
                ]
            }
        },
        "ICO1": {
            "Transform": {
                "rotate": [
                    0.0,
                    0.0,
                    0.0
                ],
                "scale": [
                    1.0,
                    1.0,
                    1.0
                ],
                "translate": [
                    3.0899999141693115,
                    0.0,
                    0.0
                ]
            }
        },
        "ICO2": {
            "Transform": {
                "rotate": [
                    0.0,
                    0.0,
                    0.0
                ],
                "scale": [
                    1.0,
                    1.0,
                    1.0
                ],
                "translate": [
                    -1.940000057220459,
                    0.0,
                    0.0
                ]
            }
        }
    }
}
