{
    "Axis1": {
        "Model": {
            "key": "ICO"
        },
        "Transform": {
            "rotate": [
                0.0,
                0.0,
                0.0
            ],
            "scale": [
                1.100000023841858,
                1.7000000476837158,
                1.5499999523162842
            ],
            "translate": [
                4.050000190734863,
                2.6500000953674316,
                5.050000190734863
            ]
        }
    }
}
