{
    "Object3d": {
        "Transform": {
            "rotate": [
                0.0,
                0.0,
                0.0
            ],
            "scale": [
                0.0,
                0.0,
                0.0
            ],
            "translate": [
                2.8499999046325684,
                0.0,
                6.300000190734863
            ]
        },
        "model": {
            "key": ""
        }
    }
}
