{
    "Plane1": {
        "Transform": {
            "rotate": [
                0.6499999761581421,
                3.049999952316284,
                0.0
            ],
            "scale": [
                1.0,
                1.0,
                1.0
            ],
            "translate": [
                0.0,
                4.150000095367432,
                0.0
            ]
        }
    }
}
